Q.No,Data Science Interview Questions, Answers

1,What is Data Science?,"Data Science is a combination of algorithms, tools, and machine learning techniques which helps you to find common hidden patterns from the given raw data."

2,What is Logistic Regression?,"Logistic Regression is a method to forecast the binary outcome from a linear combination of predictor variables using sigmoid function."

3,What is Bias?,"Bias is an error introduced in your model because of the oversimplification of a machine learning algorithm."

4,Define Boltzmann Machine?,"Boltzmann machines is a simple learning algorithm, which helps you to discover features that represent complex regularities in the training data."

5,What is the K-means clustering method?,"K-means clustering is an unsupervised learning technique of classifying data using K set of clusters."

6,Explain Collaborative filtering?,"Collaborative filtering is used to search for correct patterns by collaborating viewpoints, multiple data sources, and various agents."

7,Explain Eigenvectors?,"An eigenvector of a linear transformation is a nonzero vector that changes at most by a scalar factor when that linear transformation is applied to it."

8,What is skewed Distribution & uniform distribution?,"Skewed distribution occurs when if data is distributed on any one side of the plot whereas uniform distribution is identified when the data is spread is equal in the range."

9,When does under-fitting occur in a static model?,"Under-fitting occurs when a statistical model or machine learning algorithm not able to capture the underlying trend of the data."

10, Define the term deep learning?,"Deep Learning is a subtype of machine learning which is concerned with algorithms inspired by the structure called artificial neural networks."