Marks, Answers
10,"Collaborative filtering is used to search for correct patterns by collaborating viewpoints, multiple data sources, and various agents."

8,"Collaborative filtering is used to search for patterns by collaborating viewpoints, multiple data sources, and various agents."

6,"Collaborative filtering is used to search for patterns by collaborating multiple data sources, and various agents."

4,"Collaborative filtering is used to search for patterns by collaborating multiple data sources."

2,"Collaborative filtering is used to search for correct patterns."