Marks, Answers
10,"Boltzmann machines is a simple learning algorithm, which helps you to discover features that represent complex regularities in the training data."

8,"Boltzmann machines is a simple algorithm, which helps you to discover features that represent complex regularities in the training data."

6,"Boltzmann machines is a simple algorithm, which helps you to discover features that represent regularities in the training data."

4,"Boltzmann machines is an algorithm, which helps you to discover features that represent regularities in the training data."

2,"Boltzmann machines is an algorithm, which helps you to discover regularities in the training data."
